,boc1,smc1,sc1,lcoc1,hoc1,fcpoc1,rsc1
count,2696.0,2696.0,2696.0,2696.0,2696.0,2696.0,2696.0
mean,41.33998887240356,358.38442136498514,1126.6307492581602,70.61466246290802,2.1726818991097923,3182.663946587537,594.0322329376855
std,13.984059062600366,61.856227418010384,239.14611621767705,21.043326046325554,0.7093036060825684,1115.1078378321354,180.30493048942654
min,24.99,257.2,791.0,19.33,0.6104,1759.0,394.0
25%,31.17,307.7,929.6875,54.4675,1.638725,2319.0,468.3
50%,34.515,337.3,1027.0,69.46,2.067,2740.0,508.7
75%,47.9,408.175,1328.875,83.185,2.65865,3921.25,663.525
max,90.6,521.9,1769.0,127.98,5.1354,8163.0,1226.0
